,batsman,runs,balls,matches,mom,sixes,singles,fours,sr
0,YBK Jaiswal,547,410,28,1,22,133,62,133.41
1,JC Buttler,2832,1955,84,10,135,629,278,144.86
2,SV Samson,3526,2663,140,9,158,1048,279,132.41
3,D Padikkal,1260,1057,62,1,36,376,136,119.21
4,SO Hetmyer,831,577,56,1,52,210,55,144.02
5,R Ashwin,647,567,208,4,21,243,51,114.11
6,R Parag,522,434,52,1,22,176,40,120.28
7,TA Boult,53,49,92,5,2,17,2,108.16
8,OC McCoy,8,5,10,0,1,2,0,160.0
9,WP Saha,2427,1951,136,5,76,742,231,124.4
10,Shubman Gill,1900,1555,74,5,47,650,188,122.19
11,MS Wade,179,178,14,0,2,51,23,100.56
12,HH Pandya,1972,1406,118,8,111,544,146,140.26
13,DA Miller,2455,1838,98,5,113,777,169,133.57
14,V Kohli,6634,5266,248,14,219,2183,581,125.98
15,F du Plessis,3403,2676,118,7,109,1085,315,127.17
16,RM Patidar,404,297,14,1,21,121,30,136.03
17,GJ Maxwell,2320,1571,110,8,127,528,198,147.68
18,MK Lomror,267,214,22,0,13,97,15,124.77
19,KD Karthik,4377,3386,236,7,134,1356,426,129.27
20,Shahbaz Ahmed,279,253,30,0,11,95,18,110.28
21,PWH de Silva,39,50,22,2,1,13,4,78.0
22,HV Patel,230,189,84,4,13,70,15,121.69
23,JR Hazlewood,18,27,30,1,0,12,1,66.67
24,Q de Kock,2767,2113,102,6,106,757,277,130.95
25,KL Rahul,3895,2933,116,12,164,1202,327,132.8
26,M Vohra,1073,852,50,3,43,243,103,125.94
27,DJ Hooda,1237,970,96,1,56,419,77,127.53
28,MP Stoinis,1070,813,76,4,48,327,83,131.61
29,E Lewis,654,499,36,1,36,146,62,131.06
30,KH Pandya,1326,1003,114,5,50,363,121,132.2
31,PVD Chameera,43,32,12,0,3,7,3,134.38
32,PK Garg,251,224,20,1,9,94,15,112.05
33,Abhishek Sharma,667,511,30,1,25,182,64,130.53
34,RA Tripathi,1798,1312,68,4,68,486,176,137.04
35,AK Markram,527,400,10,0,23,195,37,131.75
36,N Pooran,912,630,42,0,65,224,52,144.76
37,Washington Sundar,318,278,50,1,9,105,26,114.39
38,R Shepherd,58,43,2,0,5,10,2,134.88
39,J Suchith,70,62,20,0,3,18,6,112.9
40,B Kumar,241,259,138,5,3,101,23,93.05
41,Umran Malik,4,8,10,2,0,2,0,50.0
42,JM Bairstow,1291,935,34,5,55,299,133,138.07
43,S Dhawan,6244,5083,204,11,137,1981,701,122.84
44,M Shahrukh Khan,270,236,26,0,19,86,13,114.41
45,MA Agarwal,2335,1803,110,4,91,654,228,129.51
46,LS Livingstone,549,352,26,1,40,127,38,155.97
47,JM Sharma,234,149,16,0,12,49,22,157.05
48,PN Mankad,4,1,0,0,0,0,1,400.0
49,PP Shaw,1588,1106,62,4,55,363,192,143.58
50,DA Warner,5883,4313,160,18,216,1515,577,136.4
51,MR Marsh,476,394,18,2,28,157,28,120.81
52,RR Pant,2851,2000,96,6,129,768,262,142.55
53,SN Khan,532,394,42,0,13,162,59,135.03
54,R Powell,250,174,10,0,22,62,10,143.68
55,AR Patel,1135,919,116,7,54,411,67,123.5
56,SN Thakur,173,138,58,1,8,54,12,125.36
57,Kuldeep Yadav,105,130,54,5,2,45,8,80.77
58,Ishan Kishan,1870,1444,76,3,85,547,166,129.5
59,RG Sharma,5881,4632,240,18,241,1837,519,126.96
60,D Brevis,161,116,6,0,11,33,14,138.79
61,Tilak Varma,397,313,10,0,16,144,29,126.84
62,TH David,187,94,6,1,16,31,12,198.94
63,Ramandeep Singh,45,42,2,0,1,16,3,107.14
64,DR Sams,44,48,12,1,3,14,1,91.67
65,RD Gaikwad,1207,945,42,8,43,379,113,127.72
66,DP Conway,252,176,12,1,12,73,23,143.18
67,MM Ali,910,652,56,1,53,224,76,139.57
68,N Jagadeesan,73,71,6,0,1,33,7,102.82
69,AT Rayudu,4190,3375,180,10,164,1443,349,124.15
70,MS Dhoni,4978,3802,246,17,229,1509,346,130.93
71,Simarjeet Singh,7,8,10,0,0,3,0,87.5
72,MJ Santner,54,55,10,0,3,16,3,98.18
73,R Tewatia,738,588,54,2,35,226,57,125.51
74,Rashid Khan,313,214,86,9,22,64,20,146.26
75,VR Iyer,552,474,16,1,21,158,54,116.46
76,N Rana,2181,1677,90,5,111,607,190,130.05
77,A Tomar,4,8,0,0,0,0,1,50.0
78,SS Iyer,2780,2295,106,6,99,946,238,121.13
79,SW Billings,503,399,24,1,20,152,40,126.07
80,AD Russell,2039,1212,92,12,175,343,138,168.23
81,RK Singh,251,204,18,1,9,79,23,123.04
82,SP Narine,1025,664,134,12,63,141,112,154.37
83,UT Yadav,177,176,130,10,8,57,15,100.57
84,KS Williamson,2105,1707,64,6,64,728,183,123.32
85,T Stubbs,2,4,0,0,0,2,0,50.0
86,R Sanjay Yadav,0,2,0,0,0,0,0,0.0
87,JJ Bumrah,56,68,126,8,1,26,4,82.35
88,Lalit Yadav,229,227,14,0,7,94,18,100.88
89,PBB Rajapaksa,206,137,10,0,13,46,16,150.36
90,Harpreet Brar,106,100,16,2,5,34,6,106.0
91,R Dhawan,190,176,36,0,6,57,17,107.95
92,RD Chahar,108,102,64,1,4,28,10,105.88
93,K Rabada,186,188,70,2,6,62,16,98.94
94,Arshdeep Singh,23,36,40,0,0,6,3,63.89
95,JDS Neesham,92,93,12,0,2,34,6,98.92
96,A Badoni,161,139,14,0,7,53,11,115.83
97,JO Holder,247,205,32,1,17,71,13,120.49
98,Mohsin Khan,23,19,12,1,1,7,2,121.05
99,Avesh Khan,31,19,36,2,3,5,2,163.16
100,S Dube,688,541,40,1,38,210,46,127.17
101,AM Rahane,4074,3465,146,12,80,1371,431,117.58
102,Shashank Singh,69,47,2,0,4,15,5,146.81
103,M Jansen,9,11,6,1,1,3,0,81.82
104,Mohammed Siraj,96,111,76,2,2,34,10,86.49
105,RV Uthappa,4954,3927,218,7,182,1418,481,126.15
106,DJ Bravo,1560,1247,154,4,66,447,120,125.1
107,M Theekshana,7,7,12,0,1,1,0,100.0
108,Mukesh Choudhary,6,6,18,1,0,2,1,100.0
109,HR Shokeen,43,48,2,0,0,13,5,89.58
110,HE van der Dussen,22,25,4,0,0,8,2,88.0
111,KS Bharat,199,168,10,1,8,70,12,118.45
112,KS Sharma,4,4,0,0,0,0,1,100.0
113,SP Jackson,61,57,10,0,1,27,5,107.02
114,PJ Cummins,379,260,46,2,26,73,24,145.77
115,TG Southee,120,108,48,1,4,37,8,111.11
116,KA Pollard,3437,2447,196,14,224,872,221,140.46
117,M Ashwin,35,50,46,0,1,19,2,70.0
118,K Kartikeya,3,6,2,0,0,3,0,50.0
119,RP Meredith,0,1,14,0,0,0,0,0.0
120,RV Patel,31,32,4,0,1,8,3,96.88
121,A Nortje,8,13,38,3,0,2,0,61.54
122,KK Ahmed,1,7,34,1,0,1,0,14.29
123,Kartik Tyagi,13,16,10,1,0,7,1,81.25
124,Fazalhaq Farooqi,2,8,4,0,0,2,0,25.0
125,B Indrajith,21,31,2,0,0,9,2,67.74
126,AJ Finch,2092,1696,96,5,78,546,214,123.35
127,AS Roy,0,2,2,0,0,0,0,0.0
128,Shivam Mavi,51,58,24,2,2,17,4,87.93
129,Harshit Rana,2,2,2,0,0,0,0,100.0
130,SA Yadav,2644,1973,134,6,84,768,284,134.01
131,B Sai Sudharsan,145,118,4,0,3,53,14,122.88
132,Mandeep Singh,1692,1402,108,3,37,525,176,120.68
133,SA Abbott,22,18,2,0,2,4,1,122.22
134,S Gopal,180,173,40,2,2,70,19,104.05
135,RA Jadeja,2502,2049,196,11,90,857,182,122.11
136,D Pretorius,44,28,4,0,3,10,3,157.14
137,PJ Sangwan,26,47,34,0,0,16,1,55.32
138,LH Ferguson,67,47,34,3,2,19,6,142.55
139,AS Joseph,20,20,10,1,0,8,2,100.0
140,KK Nair,1496,1192,80,3,39,434,161,125.5
141,DJ Mitchell,33,46,4,0,0,25,1,71.74
142,A Manohar,108,79,8,0,3,30,14,136.71
143,M Prasidh Krishna,9,24,62,0,0,9,0,37.5
144,SS Prabhudessai,67,62,6,0,2,19,7,108.06
145,MK Pandey,3657,3106,158,5,106,1277,318,117.74
146,JD Unadkat,164,136,86,6,6,50,13,120.59
147,Anuj Rawat,129,124,10,1,7,36,10,104.03
148,Yash Dayal,0,1,8,0,0,0,0,0.0
149,NT Ellis,18,19,6,0,1,8,0,94.74
150,VG Arora,5,14,10,0,0,5,0,35.71
151,Ravi Bishnoi,8,18,38,0,0,4,1,44.44
152,CV Varun,24,38,40,2,0,14,2,63.16
153,V Shankar,731,616,50,0,28,272,46,118.67
154,P Simran Singh,64,67,6,0,2,18,6,95.52
155,OF Smith,51,50,10,1,5,13,1,102.0
156,FA Allen,14,19,2,0,0,8,1,73.68
157,TS Mills,8,14,8,0,1,2,0,57.14
158,Aman Hakim Khan,5,3,2,0,0,1,1,166.67
159,YS Chahal,37,89,150,6,0,28,0,41.57
160,KR Sen,0,3,10,0,0,0,0,0.0
161,Akash Deep,0,2,2,0,0,0,0,0.0
162,Rasikh Salam,12,10,0,0,0,1,1,120.0
163,K Gowtham,186,115,26,0,12,32,13,161.74
164,CJ Jordan,75,68,32,1,3,19,3,110.29
165,DJ Willey,18,32,4,0,0,4,3,56.25
166,SE Rutherford,106,107,6,0,8,38,3,99.07
167,Abdul Samad,228,164,16,0,14,66,12,139.02
168,TL Seifert,26,26,2,0,0,5,4,100.0
169,Mustafizur Rahman,12,22,44,1,1,6,0,54.55
170,Navdeep Saini,33,38,40,0,0,15,3,86.84
171,Anmolpreet Singh,29,27,2,0,1,7,3,107.41
172,RA Bawa,11,14,2,0,0,5,1,78.57
173,NM Coulter-Nile,82,75,34,5,4,20,7,109.33
174,EJG Morgan,1406,1181,86,2,64,416,112,119.05
175,Shakib Al Hasan,795,665,74,2,21,287,73,119.55
176,AB de Villiers,5181,3487,184,25,253,1420,414,148.58
177,DT Christian,460,408,42,0,19,190,23,112.75
178,TK Curran,127,108,14,0,3,47,10,117.59
179,PP Chawla,584,543,154,3,18,189,54,107.55
180,JJ Roy,329,264,14,2,9,89,39,124.62
181,Mohammad Nabi,186,126,20,0,10,45,16,147.62
182,S Kaul,20,36,54,0,0,8,1,55.56
183,GD Phillips,26,33,2,0,2,6,1,78.79
184,CH Morris,618,413,78,3,35,163,41,149.64
185,C Sakariya,16,25,14,0,0,6,2,64.0
186,MC Henriques,1000,801,56,2,28,323,87,124.84
187,GHS Garton,2,4,4,0,0,2,0,50.0
188,K Yadav,0,4,2,0,0,0,0,0.0
189,SK Raina,5536,4177,220,14,204,1708,506,132.54
190,SS Tiwary,1494,1291,80,0,50,554,111,115.72
191,J Yadav,40,38,22,0,1,16,2,105.26
192,SPD Smith,2495,1999,86,5,60,882,226,124.81
193,CH Gayle,4997,3516,148,22,359,1018,408,142.12
194,KA Jamieson,65,55,10,0,3,18,5,118.18
195,AF Milne,23,31,10,0,1,13,0,74.19
196,SM Curran,337,230,32,1,18,73,30,146.52
197,DL Chahar,79,59,54,2,6,21,2,133.9
198,KM Jadhav,1196,1002,84,2,40,428,101,119.36
199,T Shamsi,2,4,2,0,0,2,0,50.0
200,Sandeep Sharma,52,66,98,6,0,32,4,78.79
201,Sachin Baby,144,123,20,0,5,44,11,117.07
202,DJ Malan,26,26,2,0,1,12,1,100.0
203,Mohammed Shami,69,74,92,2,2,27,5,93.24
204,Virat Singh,15,26,0,0,0,11,1,57.69
205,KL Nagarkoti,22,34,14,0,0,14,1,64.71
206,Harbhajan Singh,833,636,138,8,42,195,79,130.97
207,Mujeeb Ur Rahman,12,15,16,1,0,4,2,80.0
208,JA Richardson,15,25,6,0,0,7,2,60.0
209,CR Woakes,78,77,16,0,2,32,7,101.3
210,S Nadeem,39,88,62,2,0,25,2,44.32
211,BA Stokes,920,703,36,5,32,283,79,130.87
212,CA Lynn,1329,974,36,4,66,315,132,136.45
213,SP Goswami,293,307,30,1,3,110,32,95.44
214,JL Pattinson,15,13,14,0,0,7,2,115.38
215,DS Kulkarni,104,113,88,0,2,45,7,92.04
216,JR Philippe,78,80,8,0,1,28,9,97.5
217,I Udana,15,11,12,0,1,5,1,136.36
218,JC Archer,195,128,24,1,14,47,11,152.34
219,VR Aaron,50,73,52,2,2,22,2,68.49
220,Gurkeerat Singh,511,436,44,0,11,176,55,117.2
221,P Dubey,7,13,6,0,0,5,0,53.85
222,SR Watson,3880,2892,134,16,190,933,377,134.16
223,TU Deshpande,21,12,8,0,1,5,2,175.0
224,Imran Tahir,33,37,52,1,0,9,5,89.19
225,T Banton,18,22,2,0,1,6,1,81.82
226,AT Carey,32,29,4,0,1,14,0,110.34
227,T Natarajan,3,5,24,0,0,3,0,60.0
228,AJ Tye,91,79,28,2,5,22,6,115.19
229,SS Cottrell,0,2,6,0,0,0,0,0.0
230,AS Rajpoot,26,41,24,2,1,10,2,63.41
231,M Vijay,2619,2208,104,6,91,701,247,118.61
232,DW Steyn,167,163,108,5,3,55,14,102.45
233,NS Naik,31,53,4,0,0,17,2,58.49
234,MJ McClenaghan,85,73,62,2,7,21,5,116.44
235,C Munro,177,144,16,0,8,45,19,122.92
236,KMA Paul,18,26,8,1,1,6,1,69.23
237,A Mishra,362,410,162,12,5,172,29,88.29
238,I Sharma,55,62,76,2,2,21,4,88.71
239,MJ Guptill,271,197,14,0,15,60,24,137.56
240,Basil Thampi,32,37,26,0,1,16,1,86.49
241,YK Pathan,3222,2334,154,16,161,877,263,138.05
242,PA Patel,2848,2442,152,5,49,811,365,116.63
243,C de Grandhomme,303,229,24,0,18,91,18,132.31
244,STR Binny,880,700,90,0,35,263,66,125.71
245,IS Sodhi,7,18,8,0,0,7,0,38.89
246,CA Ingram,205,183,10,0,5,69,22,112.02
247,H Klaasen,66,58,6,0,1,24,5,113.79
248,P Negi,365,301,62,2,16,108,27,121.26
249,BB Sran,10,14,26,0,0,8,0,71.43
250,AJ Turner,3,11,2,0,0,3,0,27.27
251,DR Shorey,13,20,0,0,1,7,0,65.0
252,CR Brathwaite,181,120,22,1,16,37,10,150.83
253,AD Nath,90,99,20,0,2,40,7,90.91
254,GC Viljoen,3,7,6,0,0,1,0,42.86
255,Y Prithvi Raj,0,1,4,0,0,0,0,0.0
256,KC Cariappa,24,21,10,0,2,10,0,114.29
257,BCJ Cutting,238,146,22,1,19,44,15,163.01
258,RK Bhui,7,18,0,0,0,3,0,38.89
259,JL Denly,0,1,2,0,0,0,0,0.0
260,SD Lad,15,13,0,0,1,2,1,115.38
261,HF Gurney,1,5,10,1,0,1,0,20.0
262,Yuvraj Singh,2754,2207,132,5,149,741,218,124.78
263,MM Sharma,122,120,92,2,4,45,9,101.67
264,GH Vihari,284,331,18,2,1,137,23,85.8
265,S Lamichhane,0,1,10,0,0,0,0,0.0
266,P Ray Barman,19,25,0,0,0,11,2,76.0
267,M Markande,27,30,24,0,0,9,3,90.0
268,JPR Scantlebury-Searles,8,6,4,0,1,2,0,133.33
269,MK Tiwary,1695,1489,92,3,40,633,156,113.83
270,AD Hales,148,119,6,0,6,44,13,124.37
271,Anureet Singh,36,47,30,0,1,22,2,76.6
272,DJM Short,115,102,10,0,5,35,11,112.75
273,P Chopra,8,6,2,0,0,0,2,133.33
274,JP Duminy,2029,1680,68,4,79,781,126,120.77
275,NV Ojha,1554,1360,108,1,79,438,121,114.26
276,BB McCullum,2882,2272,106,5,130,715,293,126.85
277,LE Plunkett,1,3,10,0,0,1,0,33.33
278,MG Johnson,167,168,54,2,7,58,10,99.4
279,CJ Anderson,538,436,30,3,31,139,40,123.39
280,G Gambhir,4217,3524,150,13,59,1352,492,119.67
281,B Laughlin,5,13,12,0,0,5,0,38.46
282,A Dananjaya,4,5,2,0,0,2,0,80.0
283,B Stanlake,5,2,2,1,0,1,1,250.0
284,R Vinay Kumar,310,289,110,3,9,110,21,107.27
285,MA Wood,1,5,0,0,0,1,0,20.0
286,LMP Simmons,1079,878,30,3,44,269,109,122.89
287,KV Sharma,317,285,72,1,14,114,18,111.23
288,IR Jaggi,76,100,4,0,0,36,6,76.0
289,Bipul Sharma,187,124,32,0,9,51,11,150.81
290,SL Malinga,88,103,116,6,5,32,6,85.44
291,Vishnu Vinod,19,26,2,0,1,9,1,73.08
292,TM Head,205,151,6,0,8,67,12,135.76
293,MN Samuels,161,174,16,1,7,61,9,92.53
294,Z Khan,117,141,92,1,2,47,11,82.98
295,SE Marsh,2489,1913,72,9,78,724,269,130.11
296,Swapnil Singh,12,20,6,0,0,8,0,60.0
297,DR Smith,2385,1803,98,11,117,521,245,132.28
298,JP Faulkner,527,406,54,5,23,160,36,129.8
299,Ankit Soni,7,9,6,0,1,1,0,77.78
300,P Kumar,340,323,140,2,17,102,22,105.26
301,MM Patel,39,41,48,2,0,17,5,95.12
302,HM Amla,577,418,16,2,21,164,60,138.04
303,S Aravind,59,59,42,1,0,21,7,100.0
304,S Badree,13,25,14,0,0,9,0,52.0
305,A Choudhary,25,20,6,0,1,13,1,125.0
306,IK Pathan,1150,985,100,2,38,407,88,116.75
307,AR Bawne,12,12,0,0,0,6,1,100.0
308,DM Bravo,6,5,0,0,0,2,1,120.0
309,AP Tare,339,285,30,1,11,72,40,118.95
310,AD Mathews,724,599,48,1,29,267,44,120.87
311,Ankit Sharma,87,69,20,0,4,23,7,126.09
312,R Bhatia,342,290,104,1,13,119,24,117.93
313,A Zampa,5,8,16,1,0,1,1,62.5
314,AB Dinda,26,50,78,2,0,16,2,52.0
315,Iqbal Abdulla,88,86,38,2,1,34,9,102.33
316,ER Dwivedi,24,15,8,0,2,4,2,160.0
317,R Sathish,270,236,26,0,6,89,22,114.41
318,SB Jakati,28,30,80,1,0,14,3,93.33
319,F Behardien,14,13,2,0,0,6,2,107.69
320,KJ Abbott,13,8,4,0,1,2,0,162.5
321,UT Khawaja,127,105,6,0,3,38,14,120.95
322,GJ Bailey,663,552,42,1,19,222,59,120.11
323,NLTC Perera,424,326,40,0,26,121,23,130.06
324,M Morkel,126,93,64,2,5,33,11,135.48
325,PV Tambe,18,39,30,2,0,14,1,46.15
326,S Kaushik,0,1,10,0,0,0,0,0.0
327,UBT Chand,300,314,20,0,9,88,32,95.54
328,A Nehra,41,63,92,6,1,21,3,65.08
329,PSP Handscomb,6,12,4,0,0,6,0,50.0
330,A Ashish Reddy,280,196,36,0,15,83,16,142.86
331,Parvez Rasool,17,20,12,0,0,11,1,85.0
332,JA Morkel,975,712,106,2,55,288,61,136.94
333,KP Pietersen,1001,758,42,3,40,284,91,132.06
334,KW Richardson,36,39,10,0,1,16,2,92.31
335,P Sahu,19,13,8,0,1,5,1,146.15
336,D Wiese,127,94,16,0,4,43,12,135.11
337,MEK Hussey,1977,1648,56,12,52,648,198,119.96
338,MA Starc,96,98,26,1,0,38,10,97.96
339,Azhar Mahmood,388,311,22,2,13,116,39,124.76
340,BE Hendricks,1,3,8,0,0,1,0,33.33
341,RS Bopara,531,468,20,1,16,204,39,113.46
342,J Botha,409,364,36,1,5,143,39,112.36
343,GB Hogg,22,22,24,0,0,14,1,100.0
344,Karanveer Singh,12,17,10,0,0,6,1,70.59
345,RN ten Doeschate,326,238,28,0,15,102,26,136.97
346,NJ Maddinson,20,21,2,0,0,1,4,95.24
347,V Sehwag,2728,1833,108,11,106,558,334,148.83
348,J Theron,10,13,8,1,0,6,1,76.92
349,RG More,2,2,0,0,0,2,0,100.0
350,DJ Muthuswami,1,3,6,0,0,1,0,33.33
351,MS Bisla,798,737,40,1,23,207,93,108.28
352,RR Rossouw,53,51,8,0,3,17,3,103.92
353,AN Ahmed,36,27,14,0,1,8,4,133.33
354,DJG Sammy,295,251,22,1,18,94,15,117.53
355,CM Gautam,169,158,10,0,6,40,17,106.96
356,DJ Hussey,1322,1101,64,2,60,452,90,120.07
357,PP Ojha,16,45,88,1,0,14,0,35.56
358,BJ Hodge,1400,1153,62,6,43,452,122,121.42
359,Y Venugopal Rao,985,865,70,0,37,341,77,113.87
360,S Anirudha,136,121,24,1,7,44,9,112.4
361,YV Takawale,192,183,14,0,3,41,26,104.92
362,VH Zol,29,26,6,0,1,7,3,111.54
363,S Rana,91,82,10,0,1,29,9,110.98
364,KK Cooper,116,70,24,1,8,16,9,165.71
365,VS Malik,7,7,14,0,0,3,1,100.0
366,M de Lange,1,2,8,0,0,1,0,50.0
367,Shivam Sharma,5,3,2,0,0,1,1,166.67
368,WD Parnell,63,80,32,0,1,31,4,78.75
369,LRPL Taylor,1017,847,72,3,46,334,66,120.07
370,R Shukla,19,23,54,0,0,11,2,82.61
371,DH Yagnik,170,142,26,0,2,44,23,119.72
372,M Manhas,514,486,54,0,10,191,43,105.76
373,LR Shukla,405,358,52,1,16,137,33,113.13
374,L Balaji,36,50,76,3,1,15,2,72.0
375,JH Kallis,2427,2291,112,10,44,888,255,105.94
376,BR Dunk,40,36,6,0,0,6,7,111.11
377,CA Pujara,390,403,26,0,4,133,50,96.77
378,R Rampaul,51,52,10,0,2,15,3,98.08
379,AM Nayar,672,588,44,0,20,230,55,114.29
380,S Badrinath,1441,1245,112,1,28,484,154,115.74
381,R Dravid,2174,1918,106,2,28,681,269,113.35
382,CL White,971,774,44,1,38,335,76,125.45
383,BB Samantray,125,116,8,0,2,45,13,107.76
384,P Dogra,127,141,10,0,5,58,4,90.07
385,LJ Wright,106,63,6,1,3,20,16,168.25
386,RV Gomez,50,53,12,0,1,16,5,94.34
387,DPMD Jayawardene,1808,1522,82,5,40,565,200,118.79
388,B Chipli,280,256,24,0,7,100,28,109.38
389,BJ Rohrer,193,146,6,0,5,48,21,132.19
390,AC Gilchrist,2069,1555,84,7,92,417,239,133.05
391,SK Trivedi,42,61,72,2,1,16,3,68.85
392,DB Das,304,267,34,0,16,92,23,113.86
393,SMSM Senanayake,10,17,14,0,0,8,0,58.82
394,RE van der Merwe,159,144,30,0,8,53,11,110.42
395,SR Tendulkar,2334,2044,60,8,29,721,296,114.19
396,A Mithun,34,26,20,0,1,8,4,130.77
397,M Kartik,113,109,46,1,1,60,7,103.67
398,LA Pomersbach,302,251,18,0,13,85,25,120.32
399,Harmeet Singh,18,12,22,2,0,2,3,150.0
400,P Awana,5,14,36,0,0,5,0,35.71
401,UA Birla,7,15,2,0,0,3,1,46.67
402,M Rawat,55,70,12,0,1,29,4,78.57
403,K Upadhyay,12,9,4,0,1,4,0,133.33
404,MS Gony,99,76,54,1,8,19,6,130.26
405,KC Sangakkara,1687,1424,74,5,27,563,195,118.47
406,R McLaren,159,178,14,1,1,78,14,89.33
407,BMAJ Mendis,23,27,2,0,0,15,0,85.19
408,OA Shah,506,405,22,0,23,168,34,124.94
409,TL Suman,676,587,50,1,26,205,55,115.16
410,BAW Mendis,3,6,12,0,0,3,0,50.0
411,R Sharma,66,77,40,2,3,14,5,85.71
412,S Narwal,37,29,6,0,0,9,6,127.59
413,B Lee,124,102,34,2,8,36,8,121.57
414,PA Reddy,164,167,14,0,2,65,15,98.2
415,A Mukund,19,23,2,0,0,11,1,82.61
416,TM Dilshan,1153,1047,52,1,24,335,140,110.12
417,KB Arun Karthik,51,53,16,0,1,20,4,96.23
418,J Syed Mohammad,29,27,8,0,0,11,4,107.41
419,X Thalaivan Sargunam,10,17,0,0,0,6,0,58.82
420,AG Murtaza,10,14,12,0,0,6,1,71.43
421,IC Pandey,0,2,24,0,0,0,0,0.0
422,MC Juneja,125,134,8,0,1,61,11,93.28
423,AB Agarkar,179,160,38,0,5,67,13,111.87
424,A Chandila,4,7,16,1,0,4,0,57.14
425,S Sreesanth,34,57,42,1,0,6,6,59.65
426,SW Tait,23,26,20,0,1,13,1,88.46
427,PC Valthaty,505,432,22,2,20,101,61,116.9
428,AD Mascarenhas,79,79,8,1,1,35,5,100.0
429,RT Ponting,91,129,8,0,2,47,5,70.54
430,AB McDonald,123,103,10,0,4,42,9,119.42
431,RJ Harris,117,112,38,1,3,40,6,104.46
432,DB Ravi Teja,375,325,44,0,9,136,35,115.38
433,MDKJ Perera,14,13,0,0,0,2,3,107.69
434,AL Menaria,401,367,28,0,18,149,24,109.26
435,Sunny Gupta,0,1,2,0,0,0,0,0.0
436,JEC Franklin,327,309,20,1,9,129,25,105.83
437,RP Singh,52,78,88,1,1,31,2,66.67
438,M Muralitharan,20,30,78,2,0,9,1,66.67
439,P Parameswaran,1,3,8,1,0,1,0,33.33
440,JD Ryder,604,466,36,1,19,145,69,129.61
441,MJ Clarke,98,96,8,0,0,35,12,102.08
442,SC Ganguly,1349,1326,54,5,42,427,137,101.73
443,AP Majumdar,87,77,6,0,2,33,7,112.99
444,CJ Ferguson,98,119,8,0,0,42,9,82.35
445,Harpreet Singh,20,26,2,0,0,16,0,76.92
446,SD Chitnis,99,92,14,0,2,37,10,107.61
447,N Saini,140,143,10,0,0,43,16,97.9
448,HH Gibbs,886,837,36,1,31,264,83,105.85
449,Y Nagar,285,271,24,0,9,109,20,105.17
450,MD Mishra,237,213,18,1,8,65,24,111.27
451,AC Thomas,20,19,18,0,1,8,1,105.26
452,DJ Harris,111,103,6,0,5,33,11,107.77
453,AA Jhunjhunwala,217,218,20,1,5,82,19,99.54
454,AUK Pathan,39,26,8,0,2,3,5,150.0
455,RJ Peterson,32,32,4,0,1,12,3,100.0
456,AA Chavan,12,11,8,0,0,4,2,109.09
457,V Pratap Singh,0,1,10,0,0,0,0,0.0
458,RE Levi,83,74,8,1,4,19,10,112.16
459,DL Vettori,121,118,38,1,2,54,11,102.54
460,KMDN Kulasekara,5,3,6,1,0,1,1,166.67
461,AC Blizzard,120,91,6,0,2,17,21,131.87
462,DJ Jacobs,92,101,6,0,4,22,10,91.09
463,CJ McKay,8,15,2,0,0,6,0,53.33
464,M Kaif,259,258,32,0,6,86,22,100.39
465,BA Bhatt,6,7,16,1,1,0,0,85.71
466,RR Bhatkal,0,2,0,0,0,0,0,0.0
467,A Singh,2,10,20,1,0,2,0,20.0
468,DAJ Bracewell,12,9,0,0,0,6,1,133.33
469,DE Bollinger,21,23,32,2,1,9,1,91.3
470,Y Gnaneswara Rao,19,18,2,0,0,5,3,105.56
471,JJ van der Wath,18,17,0,0,1,6,1,105.88
472,CK Langeveldt,8,9,6,0,1,2,0,88.89
473,S Sohal,368,311,22,1,18,82,34,118.33
474,FY Fazal,183,179,10,0,1,75,22,102.23
475,PR Shah,92,97,4,0,2,28,9,94.85
476,JDP Oram,106,110,22,1,5,46,6,96.36
477,SK Warne,198,219,42,4,6,82,14,90.41
478,ND Doshi,0,13,4,0,0,0,0,0.0
479,S Sriram,31,38,2,0,0,15,3,81.58
480,JR Hopes,417,314,18,0,11,114,49,132.8
481,TR Birt,75,59,4,0,2,15,9,127.12
482,MJ Lumb,278,198,12,1,6,41,45,140.4
483,A Symonds,974,781,42,3,41,288,74,124.71
484,MV Boucher,394,318,44,2,13,127,32,123.9
485,AS Raut,194,172,14,0,7,73,13,112.79
486,SJ Srivastava,5,5,16,0,0,3,0,100.0
487,M Klinger,73,78,4,0,0,30,9,93.59
488,RR Powar,67,64,22,0,1,23,6,104.69
489,Sunny Singh,43,31,4,0,1,11,6,138.71
490,L Ablish,0,2,2,0,0,0,0,0.0
491,I Malhotra,7,4,2,0,0,3,1,175.0
492,GC Smith,739,691,20,2,9,228,94,106.95
493,SB Wagh,2,3,8,1,0,0,0,66.67
494,NL McCullum,26,23,0,0,1,9,0,113.04
495,B Akhil,76,57,24,0,5,16,5,133.33
496,TD Paine,10,29,0,0,0,10,0,34.48
497,JE Taylor,3,4,4,0,0,1,0,75.0
498,VVS Laxman,282,271,18,0,5,100,33,104.06
499,BJ Haddin,18,11,2,0,1,2,2,163.64
500,Joginder Sharma,36,30,16,0,2,14,1,120.0
501,S Randiv,2,4,10,0,0,0,0,50.0
502,SA Asnodkar,423,352,10,1,10,105,56,120.17
503,AG Paunikar,49,61,6,0,0,9,9,80.33
504,R Ninan,3,6,0,0,0,3,0,50.0
505,NJ Rimmington,1,1,0,0,0,1,0,100.0
506,SB Styris,131,134,8,0,3,63,10,97.76
507,ML Hayden,1107,839,42,4,44,257,121,131.94
508,CRD Fernando,4,3,4,1,0,2,0,133.33
509,Anirudh Singh,63,69,6,0,1,23,6,91.3
510,B Sumanth,35,38,4,0,0,17,3,92.11
511,A Kumble,35,49,60,3,0,21,3,71.43
512,WPUJC Vaas,81,73,18,1,3,33,2,110.96
513,PD Collingwood,203,159,10,1,13,66,9,127.67
514,AC Voges,181,143,12,1,3,61,15,126.57
515,Pankaj Singh,7,12,22,0,0,5,0,58.33
516,C Madan,15,21,2,0,0,3,3,71.43
517,KP Appanna,2,4,16,0,0,2,0,50.0
518,MF Maharoof,177,124,22,1,9,43,12,142.74
519,AB Barath,42,43,2,0,1,14,5,97.67
520,ST Jayasuriya,768,573,20,2,39,128,84,134.03
521,AP Dole,34,23,4,0,1,8,3,147.83
522,T Thushara,12,19,8,0,0,6,0,63.16
523,RS Sodhi,4,2,4,0,0,0,1,200.0
524,AA Bilakhia,69,88,6,0,0,31,5,78.41
525,Jaskaran Singh,8,11,8,0,0,4,0,72.73
526,K Goel,218,239,26,0,9,71,17,91.21
527,KAJ Roach,10,9,2,0,0,4,1,111.11
528,S Ladda,0,10,6,0,0,0,0,0.0
529,DP Nannes,4,13,34,1,0,4,0,30.77
530,JM Kemp,26,25,4,0,1,9,1,104.0
531,DR Martyn,19,26,0,0,0,15,1,73.08
532,RS Gavaskar,2,8,4,0,0,2,0,25.0
533,SE Bond,1,2,10,0,0,1,0,50.0
534,A Uniyal,4,7,2,0,0,4,0,57.14
535,S Tyagi,3,4,20,0,0,3,0,75.0
536,YA Abdulla,0,1,12,0,0,0,0,0.0
537,Mohammad Ashraful,2,12,0,0,0,2,0,16.67
538,SM Katich,241,191,10,1,8,56,26,126.18
539,WA Mota,56,76,10,0,0,40,2,73.68
540,RJ Quiney,103,105,0,0,3,30,12,98.1
541,NK Patel,121,124,6,0,1,38,14,97.58
542,T Henderson,11,16,0,0,1,3,0,68.75
543,Yashpal Singh,47,67,6,0,0,20,5,70.15
544,SS Shaikh,6,7,2,0,0,2,1,85.71
545,Mashrafe Mortaza,2,2,0,0,0,0,0,100.0
546,C Nanda,0,1,2,0,0,0,0,0.0
547,Shoaib Ahmed,1,6,12,0,0,1,0,16.67
548,AN Ghosh,7,8,2,0,0,1,1,87.5
549,LA Carseldine,81,71,0,0,0,23,11,114.08
550,MN van Wyk,167,135,2,0,1,58,19,123.7
551,SM Harwood,9,14,0,0,0,5,0,64.29
552,L Ronchi,34,37,4,0,1,4,6,91.89
553,RR Raje,20,18,8,0,1,10,1,111.11
554,W Jaffer,130,129,12,0,3,41,14,100.78
555,D du Preez,10,13,4,0,0,6,0,76.92
556,GR Napier,15,16,0,0,0,5,1,93.75
557,R Bishnoi,19,17,6,0,2,3,1,111.76
558,TM Srivastava,8,11,8,0,0,5,0,72.73
559,FH Edwards,4,5,8,0,0,1,0,80.0
560,SB Bangar,49,58,12,0,3,25,1,84.48
561,A Flintoff,62,57,4,0,2,23,5,108.77
562,T Kohli,11,20,2,0,1,5,0,55.0
563,A Chopra,53,75,6,0,0,21,7,70.67
564,Kamran Khan,3,5,2,0,0,1,0,60.0
565,S Vidyut,145,115,10,0,3,30,21,126.09
566,CK Kapugedera,16,24,6,0,0,12,0,66.67
567,Kamran Akmal,128,78,4,0,8,20,13,164.1
568,Sohail Tanvir,36,31,10,2,1,14,3,116.13
569,Mohammad Asif,3,6,8,0,0,3,0,50.0
570,VY Mahesh,15,28,12,0,0,11,0,53.57
571,GD McGrath,4,5,14,1,0,0,1,80.0
572,Misbah-ul-Haq,117,82,8,0,6,29,10,142.68
573,Younis Khan,3,7,0,0,0,3,0,42.86
574,D Salunkhe,33,24,2,0,0,9,5,137.5
575,AS Yadav,49,40,8,0,2,13,5,122.5
576,Shahid Afridi,81,46,10,0,6,12,7,176.09
577,SP Fleming,196,171,10,0,3,42,27,114.62
578,SM Pollock,147,116,14,2,8,47,12,126.72
579,Salman Butt,193,172,8,0,2,47,30,112.21
580,Umar Gul,39,19,6,1,5,5,1,205.26
581,LPC Silva,40,27,4,0,1,8,5,148.15
582,M Ntini,11,19,12,2,0,1,2,57.89
583,VS Yeligati,2,2,2,0,0,0,0,100.0
584,Mohammad Hafeez,64,84,8,0,2,24,7,76.19
585,DJ Thornely,39,54,10,0,2,19,2,72.22
586,H Das,2,5,2,0,0,2,0,40.0
587,DNT Zoysa,11,9,4,0,0,3,1,122.22
588,Shoaib Malik,52,49,6,0,0,24,5,106.12
589,J Arunkumar,23,24,0,0,0,3,5,95.83
590,DT Patil,13,13,2,0,0,5,1,100.0
591,Abdur Razzak,0,2,0,0,0,0,0,0.0
592,Shoaib Akhtar,2,8,4,1,0,2,0,25.0
593,PM Sarvesh Kumar,1,2,2,0,0,1,0,50.0
594,DP Vijaykumar,1,1,8,0,0,1,0,100.0
595,T Taibu,31,26,4,0,0,9,3,119.23
596,RR Sarwan,73,78,2,0,1,31,6,93.59
597,VRV Singh,4,3,18,0,0,0,1,133.33
598,U Kaul,0,1,2,0,0,0,0,0.0
599,S Chanderpaul,25,33,2,0,0,9,4,75.76
600,D Kalyankrishna,3,8,4,0,0,3,0,37.5
601,MA Khote,24,22,4,0,1,8,2,109.09
602,SB Joshi,6,16,4,0,0,6,0,37.5
603,DS Lehmann,18,19,2,0,0,6,3,94.74
604,AA Noffke,9,12,2,0,0,5,1,75.0
